feature_1,feature_2,left_interval,right_interval
0.4967141530112327,-0.13826430117118466,0.6432291754769708,0.865801126468922
0.6476885381006925,1.5230298564080254,0.7538775019950813,0.800825582241472
-0.23415337472333597,-0.23413695694918055,0.33607826654752954,0.5384739568730978
1.5792128155073915,0.7674347291529088,1.2741637079722077,1.4959358257452862
-0.4694743859349521,0.5425600435859647,0.08389337920967718,0.1035157487094542
-0.46341769281246226,-0.46572975357025687,0.9079787399081293,1.4525689063530707
0.24196227156603412,-1.913280244657798,1.4345405047335225,2.1546815497674934
-1.7249178325130328,-0.5622875292409727,0.15799775587873924,0.277642015348817
-1.0128311203344238,0.3142473325952739,0.9623357304650317,1.1140012547282627
-0.9080240755212109,-1.4123037013352915,2.07460411323746,3.1121906291174737
1.465648768921554,-0.22577630048653566,0.34265718450430294,0.4479642718043972
0.06752820468792384,-1.4247481862134568,0.6540193814243979,0.8532473236011708
-0.5443827245251827,0.11092258970986608,0.26490156315114904,0.4202441207058432
-1.1509935774223028,0.37569801834567196,0.1714270567032173,0.2513505811610073
-0.600638689918805,-0.2916937497932768,1.4965711272156244,2.358089827571521
-0.6017066122293969,1.8522781845089378,0.33129377970462,0.4358248640510267
-0.013497224737933921,-1.0577109289559004,0.9908004378118186,1.3261412145855227
0.822544912103189,-1.2208436499710222,0.24736709202269136,0.31089850415705694
0.2088635950047554,-1.9596701238797756,3.037828876387657,4.094178609106793
-1.3281860488984305,0.19686123586912352,0.11364757772505601,0.15270109464465575
0.7384665799954104,0.1713682811899705,1.3739669723228736,1.6240432719446585
-0.11564828238824053,-0.3011036955892888,1.0885056476102992,1.5241271449648983
-1.4785219903674274,-0.7198442083947086,1.7620602254774367,2.6876545642021297
-0.4606387709597875,1.0571222262189157,0.11334720726003779,0.16374789065567144
0.3436182895684614,-1.763040155362734,0.08265045879413663,0.11879651448098429
0.324083969394795,-0.38508228041631654,1.339867860092336,1.66606315496293
-0.6769220003059587,0.6116762888408679,3.4200096333596273,3.9257529632623593
1.030999522495951,0.9312801191161986,3.3500456772041223,5.031389975741875
-0.8392175232226385,-0.3092123758512146,0.7242524358953109,1.1019311379823482
0.33126343140356396,0.9755451271223592,0.5077001197659274,0.6581585240832484
-0.47917423784528995,-0.18565897666381712,1.766268161763927,2.2261144021742916
-1.1063349740060282,-1.1962066240806708,0.25361227842692574,0.32556967314161245
0.812525822394198,1.356240028570823,1.3481022312471382,1.8733131744244866
-0.07201012158033385,1.0035328978920242,0.9360652665416999,1.2144617466130816
0.36163602504763415,-0.6451197546051243,4.112877100934277,4.6730438139645205
0.36139560550841393,1.5380365664659692,8.774666349129223,13.408509168368154
-0.03582603910995154,1.5646436558140062,0.8913969053395938,0.9203350621858488
-2.6197451040897444,0.8219025043752238,0.11474413349261293,0.13718646477140928
0.08704706823817122,-0.29900735046586746,0.9571587514446827,1.432939914570394
0.0917607765355023,-1.9875689146008928,0.22999445117533904,0.41672931041385985
-0.21967188783751193,0.3571125715117464,0.3386283140214651,0.44432192118984615
1.477894044741516,-0.5182702182736474,1.3357933345892403,1.6454152816495324
-0.8084936028931876,-0.5017570435845365,0.3438080820128673,0.4840954036189136
0.9154021177020741,0.32875110965968446,1.495776100730915,1.8639028355294505
-0.5297602037670388,0.5132674331133561,0.2865126295355575,0.37119043777827326
0.09707754934804039,0.9686449905328892,2.0921005226617235,2.5104525819503105
-0.7020530938773524,-0.3276621465977682,0.7103627033018686,0.9547789249359625
-0.39210815313215763,-1.4635149481321186,0.9102272255978872,1.3044540381497145
0.29612027706457605,0.26105527217988933,0.6375265457842695,0.9998785571341735
0.00511345664246089,-0.23458713337514692,0.9232206424025451,1.4000611607152667
-1.4153707420504142,-0.42064532276535904,1.1276387545602267,1.5725652518648856
-0.3427145165267695,-0.8022772692216189,0.4420058903113073,0.4965989825748168
-0.16128571166600914,0.4040508568145384,0.38023488771474556,0.502856554449527
1.8861859012105302,0.17457781283183896,1.3004418735570857,1.902179493696697
0.25755039072276437,-0.07444591576616721,0.24415854092433625,0.3160395193476851
-1.9187712152990415,-0.026513875449216878,0.14727038478596127,0.21811756810321842
0.06023020994102644,2.463242112485286,0.2509864162550224,0.3898857551567488
-0.19236096478112252,0.30154734233361247,1.8899479802080223,2.5188360590395313
-0.03471176970524331,-1.168678037619532,1.7136142897419429,2.1549523448807473
1.1428228145150205,0.7519330326867741,1.5152996795110443,2.130871740925295
0.7910319470430469,-0.9093874547947389,3.70996065369417,4.663329578577642
1.4027943109360992,-1.4018510627922809,2.0787193328679106,2.945527146935877
0.5868570938002703,2.1904556258099785,0.7516061404453367,1.1237809108178793
-0.9905363251306883,-0.5662977296027719,0.5253502803424673,0.775641690085984
0.09965136508764122,-0.5034756541161992,1.313358277959127,1.7641910407609247
-1.5506634310661327,0.06856297480602733,0.22741645398754504,0.26313945315383475
-1.0623037137261049,0.4735924306351816,0.039945194491368144,0.052474344204741105
-0.9194242342338032,1.5499344050175394,0.25006291123727054,0.43154379384210073
-0.7832532923362371,-0.3220615162056756,2.528315077154622,3.4427438337050567
0.8135172173696698,-1.2308643164339552,4.139512041970195,5.7038812857012795
0.22745993460412942,1.307142754282428,1.484908538466471,2.105000682878992
-1.6074832345612275,0.1846338585323042,1.382369771652804,1.5617710449752635
0.25988279424842353,0.7818228717773104,0.7013006524401361,1.0727244603711967
-1.236950710878082,-1.3204566130842763,0.8053486498500485,1.163360866293364
0.5219415656168976,0.29698467323318606,0.48054039745546023,0.7557673202828221
0.25049285034587654,0.3464482094969757,0.7177504457770854,0.9002228439854543
-0.6800247215784908,0.23225369716100355,1.0655549336919479,1.362493492558034
0.29307247329868125,-0.7143514180263678,3.6788501882789735,5.963315230594031
1.8657745111447566,0.4738329209117875,1.631709922143702,2.035448582571177
-1.1913034972026486,0.6565536086338297,0.26532728947346423,0.32917878031413506
-0.9746816702273214,0.787084603742452,0.47922624911107004,0.6019386233145168
1.158595579007404,-0.8206823183517105,3.1909248127525847,4.390077316711337
0.9633761292443218,0.4127809269364983,0.3260374346258883,0.34868944538021884
0.82206015999449,1.8967929826539474,0.08423924770313714,0.10871413083506125
-0.2453881160028705,-0.7537361643574896,0.6234394704013786,0.70526185719811
-0.8895144296255233,-0.8158102849654383,0.2151200254313411,0.29109274356795717
-0.0771017094141042,0.3411519748166439,0.46451788780560427,0.5265227004414632
0.27669079933001905,0.8271832490360238,0.6345324185806833,0.932915828946587
0.01300189187790702,1.4535340771573169,0.3828960110108963,0.45284370877426494
-0.2646568332379561,2.720169166589619,1.4226962460129315,1.6831589352648713
0.6256673477650062,-0.8571575564162826,2.214328567164351,2.9000611036658412
-1.0708924980611123,0.4824724152431853,0.5667670251282857,0.7334743670330612
-0.2234627853258509,0.714000494092092,1.2365123992618288,1.5008989903447496
0.47323762457354485,-0.07282891265687277,0.3927974017386592,0.42465467926558353
-0.846793718068405,-1.5148472246858646,2.1692076010160437,3.044605304013991
-0.4465149520670211,0.8563987943234723,0.5447860328854196,0.6248019347760452
0.21409374413020396,-1.245738778711988,2.7260462805709103,3.247289987182392
0.173180925851182,0.3853173797288368,0.31708577483626144,0.4234622263913854
-0.883857436201133,0.1537251059455279,0.10765009347506611,0.13002968005615473
0.058208718445999896,-1.142970297830623,2.674430609984297,3.763795097042855
0.3577873603482833,0.5607845263682344,1.4351304983136466,1.5271067528006104
1.083051243175277,1.053802052034903,0.3941174645606878,0.5552273710317748
-1.377669367957091,-0.9378250399151228,0.2657992473696764,0.3562949354261418
0.5150352672086598,0.5137859509122088,2.8882244657263683,3.5829453408607903
0.5150476863060479,3.852731490654721,0.10589958998836763,0.15989157790568626
0.570890510693167,1.135565640180599,3.87651605576567,5.193230754153924
0.9540017634932023,0.651391251305798,0.46949236205479783,0.6582542901690633
-0.3152692446403456,0.7589692204932674,1.027236859250413,1.4991999781813456
-0.7728252145375718,-0.23681860674000887,0.373823788240239,0.6645522451298709
-0.48536354782910346,0.08187413938632256,1.0936609101447683,1.6318140011497386
2.3146585666735087,-1.867265192591748,2.269251498026071,3.7514102400786924
0.6862601903745135,-1.6127158711896517,1.9302262261824084,2.0567654113013987
-0.47193186578943347,1.088950596967366,0.5873931425358171,0.623088494583602
0.06428001909546277,-1.0777447779293061,0.428720976376871,0.6677645728079553
-0.7153037092599682,0.6795977489346758,1.0988806236284805,1.3140363045831307
-0.7303666317171367,0.21645858958197486,0.3129187746179963,0.43278602509515673
0.045571839903813784,-0.6516003476058171,0.8920616830125699,1.2153229664793805
2.1439440893253257,0.6339190223180112,0.8413925620813171,0.9843766672011927
-2.025142586657607,0.18645431476942764,0.026070696926962338,0.03406103764367104
-0.661786464768388,0.852433334796224,0.37680620256095687,0.5612038922820122
-0.7925207384327007,-0.11473644146689901,7.268543246450375,9.167243371129011
0.5049872789804571,0.8657551941701215,1.6965996469165778,2.7507266173980627
-1.2002964070557762,-0.3345012358409484,0.5933548058301032,0.6039365796791958
-0.4749453111609562,-0.6533292325737119,0.5220164980785725,0.7944740072413656
1.7654542402810969,0.40498171096095553,1.9291266881867084,2.4950222204474355
-1.2608839543350452,0.9178619470547761,0.6272364413781817,0.7461668049178417
2.1221561970126332,1.0324652605511468,0.5899403871693347,0.7961026268774394
-1.5193699659540134,-0.48423407286625136,1.2135376131622928,2.1031808759164683
1.2669111491866227,-0.7076694656187807,4.676380945543279,5.36992116480376
0.44381942814622843,0.7746340534293368,1.5308344864036967,2.2376189430646605
-0.926930471578083,-0.05952535606180008,0.8805237753733722,1.2793087176133886
-3.2412673400690726,-1.0243876413342898,0.2102987152834285,0.31085472880249637
-0.2525681513931603,-1.2477831819648495,1.9895857371596943,2.88006547821807
1.6324113039316352,-1.4301413779606327,5.423858273080237,6.940371913451848
-0.44004448669698376,0.13074057728609134,0.44687985899353827,0.6893437491700821
1.4412732890661155,-1.4358621511794394,1.3331328432249807,2.0862829081756256
1.1631637521549596,0.010233061019587049,1.4834828765652859,2.4261028211850153
-0.9815086510479509,0.46210347426327075,2.070520956395303,3.1192686131695813
0.19905969557347003,-0.6002168771587947,0.3551857295708465,0.4223663508006857
0.06980208499001891,-0.3853135968617602,0.2597283399457267,0.30278972966005896
0.11351734525124804,0.6621306745210467,0.7420232672725793,1.2835767339366317
1.586016816145352,-1.237815498826849,2.7573323491789807,3.738477236852602
2.1330333746562666,-1.9520877995225019,4.530692774802685,7.6839035071985515
-0.15178509503558332,0.5883172064845765,0.6990566073122522,1.2715276260248456
0.28099186773503265,-0.6226995198205938,0.9970965530532399,1.3171911775194958
-0.20812225035727522,-0.4930009346588328,4.0824769953133915,5.66660896409957
-0.5893647569442115,0.8496020970210246,0.0871949253703127,0.1445509634209983
0.35701548596504734,-0.6929095952606542,0.49495206142267023,0.805600533383891
0.8995998754332507,0.30729952087660933,0.9119132378919623,1.4424717414653088
0.8128621188389601,0.6296288419236122,0.2284517650920896,0.2440494463318775
-0.8289950109220723,-0.5601810401969696,0.6505615335726621,0.7345725848538507
0.7472936051232618,0.6103702654334648,4.719780994097447,7.660660961268535
-0.020901593964148132,0.117327383308782,0.7506231936027253,1.107342206901521
1.277664895788425,-0.5915713888358299,2.736630092956902,3.4892669102435665
0.5470973811700379,-0.20219265243389406,0.38741216788365335,0.43857736302651024
-0.2176812032272203,1.09877685198719,0.28761545608114103,0.4145647287607375
0.8254163489880298,0.8135096360006385,0.5817277699866888,0.8588825930285883
1.305478807154329,0.02100384163275905,0.9888521075272854,1.7014988902235637
0.6819529712949639,-0.31026675659345604,4.849844002262456,6.470882162247629
0.3241663524884421,-0.13014305436768459,1.7467614613787374,2.266497523994147
0.09699596499271819,0.5951570254369136,0.20474761656105497,0.3142526024113088
-0.8182206832334725,2.0923872756854602,0.39697542971093785,0.5555916570172355
-1.006017381499702,-1.2141886127877322,1.0076561069985257,1.6399773720436117
1.1581108735000678,0.7916626939629359,4.119747577937779,4.685635317659259
0.6241198170521551,0.6283455092642799,4.352778922817778,7.091378409918392
-0.012246772846914623,-0.8972543714858315,0.3356756437824088,0.5725370004568637
0.07580455819372633,-0.6771617115121117,0.4957820676164984,0.7280513726662753
0.9751197334177512,-0.14705738150213865,0.39645242163739,0.5458898620745305
-0.8254971967925115,-0.32138584165299344,0.5722131983603865,0.6589500698416204
0.41293145427562433,-0.5637245528039747,2.0035120067615315,2.9460792878400754
-0.8222203955664315,0.2436872114919123,1.2942721533318826,1.9143793104469473
0.24496657110872277,-0.5069431753711298,1.1133922290956815,1.478515637037608
-0.4710383056183228,0.2320499373576363,0.41828643154120826,0.5757655139253504
-1.4480843414973241,-1.4074637743765552,0.835944750588878,0.9760143201790298
-0.718444221252436,-0.21344715171184725,0.26235075950840525,0.3348859591105993
0.3109075655980046,1.475356216949552,5.245204765162317,6.438821844087479
0.8576596232020194,-0.1599385299634271,0.23082810986701385,0.3228502543794357
-0.01901620790268883,-1.0025293646378088,1.3324928632188315,1.6285694010893732
-0.01851313599238993,-0.2886586389201383,7.762835376157421,10.570377612932282
0.3227185603380895,-0.827230943552323,1.4279704796463173,1.6266341430122282
0.5193465142411723,1.5327389130025777,0.5194053662661366,0.811634440655006
-0.1087601484568576,0.40171172209894146,0.45088898832364654,0.7350531338808839
0.6901439917111125,-0.40122047188583626,1.256938281093718,1.5495082205990534
0.22409248181041677,0.01259240078179486,4.306026018827659,4.599907528751046
0.09767609854883172,-0.7730097838554665,0.10563770018698088,0.17665550630126955
0.024510174258942714,0.49799829124544975,3.3736215617790455,4.767717387779051
1.4511436077950417,0.9592708260852069,0.2988642010317389,0.4548316088426878
2.1531824575115563,-0.7673475628880495,2.7198512566060766,3.4830497139070706
0.8723206367206782,0.18334200573835174,0.6910168601393205,1.2319359424037428
2.1898029332176723,-0.8082982853551515,5.237737235692695,8.042297262010184
-0.8397218421807761,-0.5993926454440222,0.14729339467994476,0.17541615412877853
-2.123895724309807,-0.525755021680761,0.45979308796683027,0.767752360280194
-0.759132661553698,0.15039378647620763,4.197412143030664,5.052834763049863
0.34175597577715944,1.8761708392158862,0.14394692164966774,0.21942487421216117
0.9504238381860503,-0.5769036556624031,1.8501116600510075,2.3945062892866096
-0.898414671348358,0.4919191715065057,0.2324212278898788,0.3119371308374728
-1.3202332070206422,1.8314587658543537,0.3923212992760249,0.5685002543204928
1.179440120721287,-0.4691756521047048,1.5837833148455203,2.4954060081677496
-1.7131345290908775,1.3538723741654128,0.1298153814698245,0.16652773170183155
-0.11453984525261789,1.2378163119734618,0.9991146780192426,1.2117498358423227
-1.594427658794367,-0.5993750229537729,3.041270222334696,4.117181369989632
0.005243699718183166,0.046980593764742055,0.6094624248999917,0.9001010760509954
-0.45006547147924364,0.6228499323474987,1.0132843567954388,1.7154783070634965
-1.0676204293825944,-0.1423794850212935,0.131040221390242,0.17234232792350931
0.12029563171189886,0.514438834058749,0.2826871473669409,0.43121954796155104
0.7116148780888898,-1.1246420918378692,2.6385885554549966,4.023513484323061
-1.5341141707356223,1.277676821898509,1.2620400409947146,1.472358550909494
0.33231401197959165,-0.7484865365565536,1.5123165842628583,2.3815241405414684
1.551151975522523,0.11567463429285867,1.0896875778036967,1.6100613402667399
1.1792971840638264,0.06751848141010895,1.4437870770579864,2.140288987785178
2.060747924881987,1.7553408424432044,0.4308987274036992,0.550078006779295
-0.2489641484790735,0.9715709509543554,0.9153309783657438,1.4376600580130094
0.6453759495851475,1.3686315575323487,1.9751577862568692,2.3436410603669566
-0.9649234605801045,0.6860514599984393,0.24871129107048312,0.3400101510834387
1.0584244868495878,-1.7587394864231143,1.736758045523933,1.8205966648192584
-1.183258512665775,-2.0392321777601006,1.2894625749349558,1.4597301447316866
-0.26940683444455776,0.7175422557959623,0.35935703073715375,0.5318155654103766
1.502357052096028,0.07409478041977519,1.492049579013765,2.4396340423955984
1.6286155455712918,-1.3801014582148914,22.959599596945388,33.46321411199286
-1.7033824393551547,-0.05554769889661878,0.26168421550467824,0.3831658206216181
0.3840654489393073,-0.03269474809409311,0.7710858159869911,1.0996455289058338
-2.0674421000398766,-0.08912003951278841,0.18120647729585154,0.2324346207531179
-1.3044695005048532,0.6696725488300385,0.8088308022801279,1.1470262551205435
0.36659824609684827,-0.9398797863273552,1.2584802716797459,1.5387523363642204
-0.5138669173366935,-1.0592135218889516,0.4547104603244943,0.5982539514258937
-0.06267909727317188,0.9551423205012383,2.0372304107379464,2.7708261503849214
-0.9857260463355437,0.5040465155178444,2.001003948719447,2.644793211844776
-0.5302576183724408,-0.7928728322623442,0.4314051602020846,0.5532495372071357
-0.10703035995455783,-1.035242322419374,0.18026822340115242,0.21815679466445684
-0.553649305347182,-1.1978778925888485,2.323604393812166,3.449569167005541
1.9647251329163893,0.03526355197172861,0.9653149825984813,1.5582763617760984
-0.6997255079925856,0.213979910734222,1.454032790195409,1.719840527321345
-0.11232804969082982,-0.22096959953322298,0.10520400755916112,0.14788736679866862
0.6141667000434252,0.7575077100473051,2.635172451088774,2.9456066746791567
-0.5305011476105275,-0.57581824064468,0.2696807609765465,0.3218078323236285
-0.275051697151644,-2.301921164735585,3.3870668870537894,4.660811800193661
-1.5151910621985523,1.3668742674445247,0.2833244002705961,0.3844517260019512
1.6449677135012837,-0.24903603955637832,0.8251643781144691,1.2063477605956894
0.5765569630557664,0.3112501545435361,0.7763657921089163,0.9938134272591602
3.0788808084552377,1.1195749114345768,5.207738451595701,7.793521022893144
-0.12791759148076653,-0.9555404406004258,1.1671987818494316,1.4690363014538923
-1.6064463202575725,0.2034636358672231,0.6695869985228938,0.9070815080786594
-0.7563507452843033,-1.4222537095976742,6.237479064250995,8.99242112232285
-0.6465728842425266,-1.081548003614395,0.1735119515385868,0.2473572438208486
1.6871416350725648,0.8816397569494505,7.185061007229794,10.312794361200318
-0.007972641316617372,1.4799441388900259,0.6164884765733135,0.8216803314972223
0.0773683076476183,-0.8612842013282637,0.523311647072193,0.6028408830309465
1.5231240772696573,0.5389100436846587,0.36631622322845964,0.5567509798890291
-1.0372461543264564,-0.1903386780836082,0.511448704043975,0.5526309165921772
-0.8756182533847572,-1.382799730964336,2.2272469289902963,3.0497004464922424
0.9261775475316414,1.9094166404701305,0.7469473559138138,0.8327265645870281
-1.3985675738191412,0.5629692366905709,1.6488850952343612,1.9506269022622784
-0.6506425691218269,-0.48712538376469605,0.18290407436421055,0.22149201401549606
-0.5923939242388692,-0.863990769679816,0.6710949898683068,1.140128396130536
0.04852162794482699,-0.8309501164110378,0.3552711263694477,0.4250846809531799
0.2704568257798388,-0.05023810944913695,1.1904279533162774,1.8106591037041406
-0.23894804686640975,-0.9075636620415979,2.7349107627321136,3.3019245952721614
-0.5767713305683327,0.755391225825756,0.3913398503223615,0.43312293848287614
0.5009171876243808,-0.977555244798551,0.1004127159482348,0.16304357990558646
0.09933230542922587,0.751387123371789,0.781004910622873,1.3067590342979947
-1.6694052811213718,0.543360192379935,0.5304851318264404,0.6566581865669184
-0.6626237589458467,0.5705986685931593,0.7033376712357718,0.9956357170820339
-0.7632591565425169,-1.804882100664519,3.8746297160118663,4.930310000754561
-1.6275424378831627,0.048084946661381994,0.1093946141870102,0.1513293471079788
0.25972250172148187,-0.9043166251044086,2.175528518571499,3.3687121868214995
0.6385924587773739,-1.6615200622689599,7.418564579306042,8.218478373340819
-0.06607979864731657,-1.2110161997624567,0.21197323792681183,0.29985194145939814
-0.6518361078021592,0.047398671316414016,0.9347201666172442,0.9832504707084259
-0.8604133652839524,-0.38455554422982535,0.3514999892296875,0.5139783344721863
1.0062928092144405,-0.5768918695231487,1.6365621557379366,2.2152007876764572
0.8356921120651418,-1.129706854657618,2.650203108570846,3.4565830029562497
0.5298041779152828,1.4415686206579004,0.45769278067414987,0.5328587670938963
-2.4716445001272893,-0.7968952554704768,0.16989959974408794,0.2425680883441612
0.57707212718054,-0.2030453860429927,1.280605435110846,1.6956250090407647
0.37114587337130883,-0.6039851867158206,0.4031881554344631,0.5761640649586559
0.08658978747289992,-0.15567723539207948,0.289171675313911,0.39564014442284323
1.1677820616598074,0.2544208433012131,3.0495218594359352,3.7523633317431506
0.3376026620752022,-0.4118769661224674,0.326100660520261,0.47935043439048375
-0.48760622407249354,-0.4325581878196209,1.576870876427512,1.7762366665472116
0.39445214237829684,-0.42098448082026296,1.6900324757778666,2.2647495536231994
0.2897748568964129,2.075400798645439,0.09800128412794948,0.13815167861551708
0.8711247034316923,-0.32602353216784113,0.8000309850716237,0.9280036935367144
1.2012139221639448,-0.4080753730215514,5.207302883612107,7.19927236767211
-2.038124535177854,-1.008086310917404,0.131452290101152,0.21081811425116953
-1.8707919210258557,-0.35151348404130867,0.20262296971366164,0.3372857764949282
0.0184183791895517,1.6764373122752827,0.8543176928689598,0.9868396379725656
0.32692737376416264,-0.21910052880886424,2.6283768736982767,3.229040550455405
0.8294055811834892,-2.211135309007885,1.6305710952385457,2.3670465076770144
0.23561455810856594,0.7708651938869668,0.45199805448327457,0.4965438162051954
-1.4785862457798415,1.143754043206929,1.127267984158202,1.4271077304222333
0.3384964074944141,-0.4152879139008013,6.440513218199792,9.545569872093372
0.6327818661062848,2.270692857804396,1.8084460759480954,1.913283697528803
0.18186625505849516,0.24822058630033608,0.8852640886106049,1.1221422533421401
-0.4593608995402441,-0.8498443694647918,0.38372801751704483,0.5170769362186896
0.8303358165442456,-0.8560838259088672,0.6009283748874917,1.0695600191462902
0.07156623721939247,-0.4776574467651167,1.4612508346953854,2.175746753439428
0.47897982574639186,0.3336621052869483,1.3582777155714352,1.967802071676713
1.0375399442578992,-0.510016398854747,5.632562757143311,8.046836965523761
-0.26987493529337125,-0.9787637157823074,1.997602483081509,2.5485658682278367
-0.4442932600761116,0.3773004930448522,0.1316963450438223,0.18663312459805356
0.7569886166453519,-0.9221653241776254,4.765594351006916,6.457110716188042
0.8696059201056602,1.355637858804951,0.2852344019008224,0.4169094856880279
0.41343490322370086,1.876795812558066,0.37622764084544286,0.5221247196116284
-0.773789199103573,-1.244654703311417,1.1392767778594934,1.307593167718235
-1.7787202489042786,1.496044311489183,1.9098607516801427,2.142320674348546
0.6543656563540577,-0.05558467091045507,22.61195850948851,32.56338159367227
0.2799686263198203,-1.1254890472983765,2.8602714322935996,3.6376977906798005
2.4457519796168263,0.1292211819752275,2.3754027780866567,3.5094663262690013
0.10939479460489289,0.725766623898692,1.2601909618444609,1.8718129859918637
0.4810092317367132,0.22388402427913137,2.4560987243129135,3.6390642931047013
-0.7904744554453119,0.4714683571359957,0.30583374307975175,0.5007593922131728
1.8820244964750337,1.3454200461549777,7.491117384007563,12.471331902905789
1.593186626639397,-0.5112156764311852,2.864822136182591,3.532925784949843
-0.9896048202585809,-0.12578692009964815,0.835594850024784,1.2386025158610134
0.055724912288694604,1.0941915184709485,1.4055047257435436,1.6382917166174014
-1.6924646297148194,1.5295503194606137,0.33974719949955495,0.47309880400807963
-0.15800789857898942,-0.42688106994742003,1.8056500985426955,2.9827460477416188
-1.0121043752601675,-1.6548566718657693,0.488547574076789,0.5794593877104888
0.8231705839619146,0.07331796718840389,0.6656698889777929,0.9253516882114936
-1.2899608997410539,-1.295078772063616,0.2208700795470428,0.3289695350403676
-0.3357846992901282,1.669021525289393,0.723161304159314,0.8086646586892356
-0.2595913513636048,-1.5031429531181062,2.9145230488855542,3.442131983523002
-0.24574306408594432,-0.2727235697476705,1.4224030340340343,1.9323841551654148
-2.6968866429415717,-0.05429486651781221,1.2715076384245254,1.6660960725419713
-0.23093453020867796,0.6962063648134184,0.649876554109663,0.8368338359333053
1.8489560949453452,1.1265650295477574,3.451795602926584,3.7716005535940154
-0.26888869055483056,-1.1065259087416703,0.3225500932939527,0.45105344577842893
2.5733598032498604,0.05921843401448826,1.6915008694715876,3.0326589708415703
0.013929291912946203,-0.024125087110003277,1.5893264495916157,2.3746070509683896
0.19808476076785494,-0.14436041192394247,2.06277741380209,3.111338348034524
-0.5736620068802363,-0.5468589412403921,0.5923173184515231,0.6788847589738344
-0.03275327021599839,-0.543424771133765,0.959488667473157,1.083122927082397
-0.7128457826771644,0.10643022769189683,0.1305119298400835,0.19161309018167957
-0.2549772174208553,1.5039929885826886,0.27652520811966874,0.43667305633192843
-2.650969808393012,1.0915068519224618,0.4285182606591524,0.5508885212682335
1.246085192497629,-2.0733902324081495,4.920638320374825,6.321128362284041
-0.34268759408034877,-0.37144086599579146,1.3977399793223588,1.872321706251287
-1.4075116947178212,-0.7778166875908753,0.5692793656513132,0.8403332246800572
-1.1105758454658288,1.7522704434236227,0.2743003660668961,0.40067787597964805
0.9356783931474612,1.2715550949941588,0.41704973361810793,0.584608990569639
0.7216720640432351,-1.1290517712172292,2.948725375005694,4.755189374442322
-0.5245202662797737,0.48937456122791806,0.9608219395684907,1.2446280045294238
-1.2221278088919454,0.7129984301723881,0.6992618794443479,0.8042069355907298
-0.24032539815813503,-0.3748208075495975,0.5247916729920443,0.7411824121858359
0.7109599682034915,0.44426331148603976,0.1059866232174635,0.17319685558673864
-0.3609661658190799,1.159329803364248,1.4494166120104333,2.2427665072179566
-1.0810633275998973,0.6159356069442637,0.27555575099574536,0.35605245201743396
0.5931012579683838,-0.3095464393139903,0.5817598312067124,0.6474390168530396
0.326133022242118,-1.251113576385303,2.520930216421819,3.7461216731045583
0.924027019206901,-0.18490213644298903,0.7935884570312804,1.2023143134359202
-0.5227230205190395,1.0490092258368893,1.4822403109618008,2.064672948402953
-0.7043436905427592,-1.4084612963635597,1.6046644630631322,2.44209689751036
-1.5566291735239037,0.6060099513456396,0.5887772840143707,0.9122905798655072
-1.280429352496283,1.7547941819843647,0.05592345940943994,0.08662515591126381
-2.081929407883722,1.6964563682900382,0.6148644506593589,0.7526051350794881
0.2110174672026184,-0.09671311187039239,1.4191962385135646,1.8226521288056696
-0.5449190868089497,0.39913611435207086,0.46104045145696104,0.533402059628339
-0.037634702424848364,1.1033018820165215,0.7075129120031523,0.8685951706891484
0.11422764866203965,0.1503017614618776,0.14636674575722733,0.20301397173511318
-0.36361221221385587,-0.056945623721067457,0.925944946994606,1.2916983805033677
0.3078017688920592,-1.7101683926566256,0.6017959225060868,0.764093279339848
-1.348185422105713,0.743264094022715,0.08581642574448425,0.1202458801043815
0.17086543812794186,-0.18398333635267913,0.22154372402100578,0.26229095480890163
0.01843393306539316,0.34758170536167105,2.259281528679013,3.583885456157978
-0.5397596803093615,-0.7783047254023127,0.3968065834883107,0.546177376175768
0.19584525509768155,-0.978372777615032,4.99471432095738,7.124380964077662
0.40825275571447184,-1.7025836042378404,0.950304240596691,1.2691772299649169
1.0291556373256436,0.472597482413043,0.19192513301985217,0.32401632828347293
0.25602973431387566,0.9826909839455139,0.2086879558967893,0.3124910215857951
1.6654744444625766,1.0143700650181304,5.8149456255021,6.827242243069632
-1.8408742313316453,-1.2795769667357015,0.4169010033441727,0.5034961387199895
-0.6248185776956788,0.026091050210833786,0.3606465922289992,0.42390432768721253
0.517659020469123,-0.7257438131534656,1.8183308884419778,2.1427703392914794
0.18676676447707832,-0.7553829323533225,2.2715235730661147,2.8318034647492087
-0.6115178029919482,-1.4066610968482223,3.003849520261235,4.345592754206816
-0.9232332461109043,-1.3516846056163336,3.798042066468757,4.129132771109183
-0.9758732529773327,1.0536417966078395,0.2492394105919934,0.36273677366268126
-0.949398888831943,2.632382064837391,0.05936768588689164,0.0955290776545157
0.4933179008808892,0.1848361236948739,0.6572312726983618,0.893905560332607
-0.8583577801812136,0.7003098794089914,0.6172958389450518,0.854915705034034
-0.5756378262377739,0.12200981464536144,0.24947922440269113,0.2868328720080629
2.5600845382687947,-0.09605989972464987,1.1294800980442627,1.820392921928181
1.1492733262856758,-0.7031764251258874,2.2892456376868764,3.791140218475654
-0.0349884904969617,1.77080063563551,0.4895657416904466,0.7056377907873296
-0.6269670577877674,1.8124485579969287,0.323822966280054,0.5274954752337082
0.7077519354554754,-0.5624667758942676,0.689994386356085,0.8759891901859329
0.632407739055521,0.9725544496267299,0.7390093226326816,1.0429283375739045
0.6218099622171964,-1.5702247198904564,0.789488623800345,0.9391026339955625
-0.7271371758248686,-0.24751863555150475,1.6888525414728013,2.0054710256243706
-0.07443342910004629,0.620672097550678,2.166130426495066,2.725499637852022
0.17770100093325383,-1.3353443587101013,0.21887216147033117,0.3166211605641418
0.3801978510059632,0.6105857452838231,0.3653222375275417,0.5083174813874031
0.5597904479310398,1.0807807255546218,0.18972365202892702,0.2273553445111033
0.8339221545489041,0.4591800792284367,0.5217632230680442,0.8553966795607463
-0.07016571145864703,-1.6609609335159914,1.0346282580577058,1.7858586015654228
0.42961821913258585,0.20768768716311115,0.2146487284914236,0.27854242860722944
0.27157883719537346,-1.2767485758203094,0.5566183996015089,0.7459136925688681
-1.0810565404082624,1.0531528533329035,0.13773134926801264,0.16880542814123056
-0.03955515385665504,0.6815006973726244,0.9389273511518516,1.0729934647749575
0.028318376130461172,0.02975613949574519,0.817631759448416,1.3951442967085455
0.9382838059759977,-0.5160447282173739,0.6689487662930379,1.0817164726517452
0.09612077694098337,-0.4622752887050425,1.4226870501432156,1.7481483639320612
-0.4344962274323156,-0.30917212346863937,0.37434150787671727,0.6608536720370152
0.22213377163371284,-0.4787486216634773,0.8293583779360992,1.0944365448787996
1.2557561255735208,-0.8946073022195039,11.438048273139025,16.204173399926216
-0.18687164416135904,-0.4397310582741749,3.42438797134856,4.488327259021831
1.4469778843537329,0.19655477651157463,0.38460970185871185,0.6681352744091541
1.0318445394686349,-1.485560373036972,4.300770019141528,6.322422161281121
0.26705026586925884,0.889630795623437,1.4413391287881707,2.5300797627091263
0.08228398927542419,1.0654803750653512,0.21023608243753739,0.25584133451399893
-0.5172884501003722,1.40934744018558,0.9903866842755846,1.2594783417508324
2.2988981236192503,-0.36283856043965906,12.616765462480476,20.099374781307095
-0.4455025214007718,1.453384477117701,0.15011562569968784,0.1883116727084489
1.5795721457307124,-0.5228600271532683,0.9739940895413207,1.217428881294276
-0.42018681709585726,-0.2817846088605072,1.7386190422638141,2.7657192987941728
-1.344450511034277,-0.9186519464841982,0.7495265577754967,1.0788936829013853
-1.0041407667520679,-0.7677975651041284,1.1994992978177481,1.4134031428819755
-0.03468488738678118,0.23421473253652075,0.9989851579095027,1.3104462703626159
1.5505004928140769,-0.998354040738791,3.4303993300099576,4.719064796923783
0.9843223984765838,-0.21398884422550896,0.40929908265159,0.528835964776612
-0.04946370965243295,0.6748194921666038,2.201286635317219,2.3852806136915645
-1.1227220215622986,0.3824097461840506,1.544643310508931,1.8124018905207169
0.1664522082130561,0.4924512640081491,0.6521367150484979,0.8347893323596784
0.2891686439078181,2.4553001399108942,0.4868109369271578,0.5387995556668016
-0.637739984251316,-0.5309969550018176,0.1492574355384648,0.21666196160946696
-0.6231405264247644,-0.5554771191602547,1.2909303482396695,1.8305917407411312
-0.6373871273065177,1.1890165311075518,0.7573969998129936,0.9428727348417869
1.4205042479898549,-0.5707462937494763,1.717496418918893,2.6757828547898286
-0.8323555731042287,0.4714155563864041,1.6048224382991036,2.114018168163938
-0.5522230442809712,0.6329318177555108,0.3895143744670072,0.505820181475922
0.2029230208512997,-1.515744114997232,2.477092591898656,3.7124169091523305
1.5475052013300616,1.7958776730955217,0.4441320208449518,0.5124890379291676
-0.6127886904843862,-0.38770155993598415,0.570421787084105,0.9299122151587411
0.28586539072490497,0.334456789987025,0.6966243289710926,0.8784861687677344
0.6585442726728304,2.0102045387663496,0.6831294540124184,1.1503705203346288
-0.1769472274940494,-0.7982972445384537,0.747420738477913,0.9631735205598746
-1.3793192280145272,-0.7309300399419191,0.49884026070229004,0.5541062700415472
-0.033126972873797095,1.7945578635177877,1.0483626651422777,1.4563076225465215
-0.5176112990361714,0.2237879516388985,0.4210210148684331,0.6033893763802997
-0.016422896072752075,1.188393273448084,0.1140355592530839,0.15685416697133142
2.5269324258736217,-0.5308687729203206,22.117638449685522,27.455871955008995
-0.48943944251822213,1.044160877069072,1.9053477236038505,2.900392157452687
0.6818914896263114,1.8467073257360336,0.1828118924497879,0.26970186958082426
0.5839281853259639,-0.35929209078705954,2.9144591189156657,3.4917571853411604
0.5906548306923093,1.1087035805829077,0.45166684470090973,0.722037417714958
0.820482181197364,0.5072740311072977,1.240113936158856,2.1214715031734626
1.066674689589154,1.1692955904456728,1.4100936205522696,1.8316632392065715
1.3821589910375272,0.6487098875896427,1.2876420262784236,1.4848385220675215
-0.16711808031685435,0.14671368643332283,0.3269557623749377,0.44854176490901543
1.2065089665083568,-0.8169356709872361,0.8414397012692724,1.5105072633627517
0.3686733088729012,-0.3933388123273607,0.43397853817818666,0.65446570993323
0.028744822934817487,1.2784518626072987,0.2562983846110952,0.3084100603300975
0.19109906801990334,0.04643654815614881,0.759464985980566,1.277198466724975
-1.3598561409799192,0.7462535660272207,0.17767778885116944,0.22652807062949
0.6454841811410754,2.16325472330546,1.4263836541043757,1.4567880875713421
-0.30777823495300083,0.21915032766393897,2.968073685513218,4.138197117392092
0.24938368371075526,1.5774532797634744,0.31862202899161945,0.4445549276151076
-0.0952955323869521,0.27902152577033923,0.9138004354931364,1.407474930327372
0.6078965097165392,0.1866091231563581,1.5513802961910381,2.24128518791031
-0.44643361455052827,0.19408999289830758,1.167556050560776,1.509913196036571
1.073631749859772,-1.0265152994110602,2.0702806074324336,2.9312377752245404
0.132969674146876,-0.7001208149391732,2.2616304393381665,2.816384122238601
1.1950466289248425,-1.5231869047837747,4.174688105528907,6.004890172156969
-0.5589218472715883,0.37721187506452086,0.16308613035555677,0.22599567068994894
1.5655240292343404,-0.0657502610729878,4.759388948696628,5.785222018860351
-0.5551995266931984,1.8811570694405901,0.7517603871892075,1.19374217091642
-1.448013900416244,-2.198805956620082,0.41264961169869063,0.5495590211427767
0.4400144500533324,-0.5020542243526112,1.4777952814235522,1.6422834123619954
-1.0212328171307132,0.7083564472993533,0.85972747168357,1.0165349021931487
0.24380071377119883,-0.5640786307367284,1.0704575360971675,1.127272090900387
-1.2803043986708944,0.8724573282801447,0.8845238458621523,1.2926275615165506
0.650201177958661,-0.09917586377938291,12.784125683426327,18.708883390392966
1.8466369960476658,-1.0700847663261526,1.3925551070165818,1.805234482417975
-1.5255251709247388,-0.6919080698812444,0.1261461977135824,0.15409004519040925
-0.045586016355497805,0.24333944932269183,1.0101587211714025,1.2926266204967853
-0.24123605785632987,0.3520553965142968,1.315167947467352,1.8048425088455862
-1.251539424190444,1.4437646040732595,0.20321048650713297,0.35297367275077635
-0.0821511783925688,1.1172958315881276,2.400122454245948,3.2379702422438474
0.34272534637770413,0.4567532191537839,0.203201985842725,0.35181521873812105
0.5697672802322039,0.44770856001731496,2.1392272446573948,2.6628348045027463
0.6427227598675439,1.3291525301324314,0.38511926569989546,0.5321176050286552
0.19652116970147013,0.7090037575885123,3.5717369550041256,6.308255544088293
-0.08973569428722672,1.4401172154494728,3.9408910739592784,5.180897771984386
-0.6763923020592697,1.8009404329108156,0.16955197001104835,0.2340736368862602
-0.04015795064434341,-1.4307751021180481,0.8356148988730977,1.1254632584344204
0.12810441491078928,-0.6810516574748808,2.6972806301716723,3.1358367065254713
0.8406435489887241,-0.6526239793023909,1.0104337996623296,1.2937874279372206
-0.4461834332147797,-1.889540730945531,1.2680048210741794,1.6389220593799068
-0.4523063192490767,-2.4238793266289567,1.4593572637352035,1.8359497253739916
-1.5839028234857233,0.7604146561442974,0.038272979783227586,0.0558027037211628
0.7858001586508322,0.42545756178496474,1.1183803714424445,1.3010406595850421
-0.966976143129213,-0.047711356141979855,0.305170465934139,0.31588728901484436
-0.0036025390905684044,-1.1583646891925428,0.706652975732063,1.0634355220395268
1.5033983017671506,0.8773622905756714,5.446667175956231,7.182593035092344
-0.22096417382966393,0.02688583899453078,0.18785986252511047,0.28830130325619224
0.20838280794755248,-2.0417348684242906,3.442258892464576,5.45716572701457
-0.24717738252059693,-0.6819842479977986,0.6807984190255091,0.9258323385535273
-1.0016200098949155,-0.2811002928859549,0.43799519896968264,0.5025093780759504
1.7976865268495226,0.6408428612670098,3.235726197244368,5.518323614684491
-0.5711789897827968,0.5725827813561586,0.8731841468923102,0.8921116101984546
1.3993554365860021,0.9246336829127688,2.500779896121581,3.3159661674241865
0.05963036992017413,-0.6469367777055739,2.8854389885527927,4.1766726448185665
0.6982233136135899,0.3934853854217496,0.8580589161139931,1.0220846209635452
0.8951932200277323,0.6351718016819695,0.5075915606984934,0.8136699241714932
1.0495527153193351,-0.535235211560568,0.5652254260716791,0.7663900050012841
1.3173940656343257,0.19759960469239965,0.7091983749679697,0.8908676285842841
2.0752608726252655,-0.6891878180895679,62.84735121832393,83.89139992839739
1.7359638031652493,0.1979107834626478,7.287227846559193,9.883543398224113
-0.6514180036144483,-0.48388583405432156,0.1692994960854072,0.2379652851109473
-0.32034730819432017,0.4241659464019164,0.19636570614008794,0.23679914571479502
0.5228354880354996,-0.573700003938579,1.8416068569391129,3.1923161191613443
-0.02435459226098284,2.1422703586118637,0.8643537400092857,1.1571688443822967
1.7275431701007113,0.4363236696740321,3.5715589134857044,4.153098474219733
0.03800347816820029,0.1200313267182613,0.5738085036147867,0.8653818402975257
0.6135179727304166,-1.0227925651984056,1.493436755634064,1.7655089079753057
-0.2573765374233451,-1.6685840738775894,1.4336295932821346,2.59242649637646
0.39922312260527926,0.647195939702741,0.9002136471814144,1.1425900526010677
-0.483186462299374,1.5739867632900328,0.04550750748895463,0.06249201677560053
-1.2257656630023412,-1.4643748802098202,0.5840180130083052,0.7246934433132897
0.22445181855997204,1.0470983026121545,0.3420781963352299,0.37797523219310913
1.6839276914578687,-0.45888426286894,2.8614819011709387,3.559069789368071
1.0786808334312956,-0.03850846950070721,28.991518471429686,44.62247396004599
-0.17262729994081963,0.8836599374866724,0.9581773917391455,1.0329568775745213
0.6523228784134196,-1.5763921569842494,1.600951323347843,1.9071184410020048
1.4765403497258958,1.3800913541474515,2.456608673431986,3.562683579491598
-0.6255627015095294,0.39580353343740904,1.0469781495438342,1.101286857282603
0.4940301862827388,0.2606737658239071,1.3079764994817256,2.0396487237042593
-0.5503051538454201,-0.6716233679380516,1.6094469961773135,1.9653532157726743
-0.025554070991445278,1.1727290192593647,4.2577023095187725,5.851623681333509
0.5436001545944323,-0.37061433208610595,0.35012082600631844,0.5182968642622754
0.7716987106483447,-2.8485426206300755,4.618496992297947,5.696202836999725
1.1487657003721035,-1.7397137787780996,1.0586097715246545,1.2930184084481102
-0.36244094140313216,-1.1196698946261439,1.6565696235094152,2.6242895005483806
-1.2946814757209058,1.1608267873785194,0.10562773519919566,0.18923740104247394
-0.46770120131189136,0.3465038817307158,0.41346365286511805,0.5171423334602124
-0.04692057887918407,0.47704082722312147,0.6117823761990396,0.7381666845064201
0.07682189106025536,-1.2829922241885696,3.301955081124776,5.1572644599521675
0.99626681944714,-0.4937565831613125,3.6572241767351006,4.7901812825335375
-1.556581898659751,-0.4281151609659125,0.12510927597932026,0.1867693216272344
1.5007597906343109,0.8502217421134929,1.2387310847696134,2.2269333961812885
-0.3486521344078592,-0.3492577043184288,0.4340972431416595,0.471375863980538
-0.3216350512173826,2.076747983560841,0.12296558834638151,0.1360070009009061
0.38193545223155334,0.43004164719106963,0.7505159834322623,1.1031862927128075
1.0302834540318422,0.23878915902651351,0.922437992019109,1.329136618936815
-0.2590421458207031,-0.19634984908497827,9.916061567373385,10.594662268057842
-0.07160125941406395,-0.03722223650984159,1.3033323521431388,1.620563816174127
0.7276295436369798,0.05194588580729943,0.33857159910549656,0.4054455343487155
0.7326400772155792,-0.08071658010858232,0.747213088742184,1.0147291194998127
0.07863519031609059,-1.9982006845321076,4.919939773146136,6.417120031448192
0.9163276747024814,0.3464884758979927,10.11820915499957,14.938879836411965
0.9980101098596522,-2.8962553781936893,0.662726854451357,0.8733951829622519
2.0883747047807275,-0.13958962815517376,0.44639250993380614,0.5250944553175553
1.1081828167375165,-1.0399059271255309,13.315328901196388,17.911551434878657
0.6127739050625697,-1.0534155631736561,2.4252290826503273,3.0859682488637494
-0.6237689606958051,1.9140313538667861,0.13255352347510826,0.18179351186755752
-0.19068240076334658,0.21743287317972287,1.2903728751618713,1.8798770531414704
0.8700677306887542,0.49568188797260465,0.08316088532388713,0.11985288714794018
0.15041890514357642,0.3649610024662254,0.732462589947833,1.1145198050598144
2.403415585238275,-0.05761879703358539,3.371495308780028,5.546426299159544
0.2010990467149675,1.050654396007612,1.7918972972415965,2.171847164415631
1.1055259329579838,1.1870303055603801,0.4103385559027627,0.5136967502454941
0.6387302220291846,-1.1430049127304835,1.8106034775059217,2.5531458185276112
1.633431532301096,-1.146345393018688,0.9716793666953748,1.4606850085886711
0.30263546523903323,-0.7542758500193579,1.694818230582418,2.4427002989220044
-0.06413834659299254,0.3287624103034804,0.25950889566668794,0.42415748849875207
0.32135721545027307,0.42192075423528475,0.5727761380004763,0.7645444957283789
1.613711269058647,0.45353430151397983,0.5411693820931737,0.8898797990736568
-0.24415663529064868,0.9640871682883573,0.9600609077158792,1.3360344721714936
1.1894704889246406,-1.2276078151369925,4.701760234035168,6.8939293232859855
0.597400069849858,0.7011727423108983,0.7049711264133569,0.9538460553588234
-0.29756350335999193,1.3757068133116195,0.42390493887200115,0.6693531731668624
-0.15005558703252672,0.12557645347154225,0.17195014709568154,0.2590851218327568
-0.1730718242838696,0.015579047581467534,0.5773643954706636,0.7747137651128284
-1.0962750868952018,-1.4400508825942944,0.7155102097054397,1.0484735216624685
1.5945050632249722,-0.8469613483183278,32.052162997996255,46.138748663837276
-0.9913923494563072,-2.153390113603715,0.36381660424398626,0.42149125572960533
-0.6389617476895022,-1.3230897934074983,3.4742151610178067,5.8074756058657435
1.642015160136369,1.0098170893426341,3.874477806469738,4.874261168694064
-0.6881503451777238,2.2524358053443088,0.3431448480392336,0.509653875031048
0.9817654869915943,-0.32483138350862245,7.540716850154838,12.035836465564875
-2.499405714873573,2.2909425725907417,0.18238000605144802,0.22547716867584044
-1.389572466763596,-1.6453987469568918,1.0497026802499572,1.2101145054793034
1.0225704320096403,2.439752406339273,0.7326865403257118,0.9084254399658007
1.3842728185105182,0.5639091200523596,4.974047109248384,6.613971852100282
0.594754341665286,0.8534155587803077,3.0823296730392165,3.536964830897468
0.7589285897867651,0.2811914239693758,0.5134560090450777,0.9269478176080108
0.10420110395187607,-0.06259312789952241,0.20931844127083502,0.33614809865120876
-0.7539645888666763,-0.28067507686677406,0.43442754712706294,0.7668843710035026
-1.6929568141953855,-0.09833962679474989,0.14997590174622588,0.20679414813320762
-0.9885911071509175,-1.103589317215771,0.6874257845304211,0.9332440224363522
0.17989415115347845,1.3920022863445993,2.2196902878188784,3.130550306927448
0.918316606002313,-1.570500603623177,1.1453153267723175,1.8855449370324153
-0.9896281365703375,0.9407711879882159,0.4333496645425801,0.5353727393229893
-0.9824873935383096,-0.2246331499970246,0.6607768258254013,0.7710370593217054
0.5500520990245519,-0.9683444548636353,3.2444657780832977,4.226260159317673
0.1053755061459599,-1.3340254949182044,0.12025703282768187,0.1891385856921722
-0.6013676439512137,0.31978193414253697,0.2753496771494259,0.4100525976008784
-1.5929937335316693,0.440474737960399,0.36021501882734175,0.6149894381377079
-0.019637798926681216,0.5524899544171478,2.053047988114952,2.9896508171968046
0.22391413406466143,1.3641404299738442,0.38861092819409115,0.5859448658650287
0.12522450264790727,-0.429405541125253,0.14347136984760167,0.23872048590553094
0.12229750303228377,0.5432980290363879,1.3552509367502934,1.803141272022223
0.04886007032570433,0.04059169120388238,0.5345856983743312,0.592269478899457
-0.7019916878067554,-0.6629009175509482,0.23662292219950642,0.33160005040996193
-1.4026052717996935,1.7495767431869393,0.1547498725014668,0.20272818922926797
-1.243863235391285,-0.6929051977959073,0.40821620199204045,0.6227012384215939
-0.7184072655691974,0.8949243769444413,0.23753689270784767,0.3196637729308454
-0.2949496782920278,1.2477420726737338,0.05665644397206434,0.07571208365552043
-0.6734906242438685,0.27899416222380197,1.1645264246004832,1.9429471317108313
-0.8353470532597573,2.1451491277733883,0.8682937869773122,1.339782249946733
-1.1875984190295128,0.3098207102270275,0.8699419046506629,1.1786847777312648
0.6337768809320985,0.41379909745149823,0.3469362103961389,0.3947279019015891
-0.1852876588777083,-0.12982069973342616,0.637818999301095,0.786227500948355
0.0438114719791096,-0.14700200162848862,0.8987991933118996,1.1842788318884812
0.9638791167949097,2.2105230015913513,1.2520223028842346,1.6792795904280082
-0.5574917850078336,-1.3698029795790778,1.5747489495968796,2.4375822719693616
-0.08828204835125482,2.5797093376543185,0.1695500500526822,0.24297150623007965
-0.8036745679697308,1.6391168054440675,0.3345057328843365,0.48689401751375266
1.6777008140764407,-0.5535882417079946,3.1482562748560503,4.564379745373844
0.5689830791852754,1.628396623128538,3.4512137395540083,3.821241915117492
-0.3791277409874871,-0.20358036010236177,1.5651240820003747,2.2992267837569202
-0.5816809139486437,-1.0147567306928669,2.0497859063671227,2.5066427828243856
-0.6492775450660071,-1.2239402667622565,0.9016444474845361,1.2860867811914036
0.03408346825922607,-0.7699732310586418,4.2953438653940275,6.159689056763481
0.2337859117907477,-1.5558956462036273,2.0822679548575316,3.497109825699499
0.33088023221445706,0.8335289616089246,0.2831821383199837,0.4165568209334951
-1.9937356425714554,0.37405656984757213,1.0116037092520664,1.6164848345989316
1.2276689924732922,-1.2096410186912054,5.012631195548616,6.483145106579537
1.6725723868377034,0.4190190093660452,1.1803320224628204,1.5448260518126573
-0.7050118557584089,-0.05576907765770601,0.382372642707407,0.4542799628698755
0.5583269125217224,0.0760053914124115,1.4646082036476138,2.0913443602531836
0.5387559924463692,-0.9206735930793662,2.678401442761862,2.794940317065132
0.169360824036078,-1.4137144969049802,1.462442845059682,2.3883919176830455
-0.11122606134870032,-0.9039076414647897,1.3281029268078985,2.069390190721514
-0.7355299425897666,1.2360931752104374,2.10523750284919,2.7807849258594404
1.091310120594269,0.609138120907177,3.923392844132809,5.257142527329832
-1.092312764672579,-0.3164084496948019,0.7688599887596559,0.7776075430813955
1.2130976999791834,0.14171691363990474,3.479310550536753,5.6462964673145954
2.319329539981694,0.39331783939437187,0.9711332238846273,1.148554954625238
0.1920491164900316,-0.3091164642025014,1.7066577335528363,1.9153891750259022
0.1335409047822823,-0.1524698363805439,5.243908033723101,7.10761517422836
0.7081086766885905,0.9567023167945841,0.7049013615860318,1.105754900649077
-0.7859894605079495,-1.331232953557778,0.3548084885582068,0.44056675045200056
-1.8362053731032966,0.5079913269125437,0.17743619289119347,0.189270763639993
-1.1033666061738736,-2.152890592952483,0.2787451742275433,0.4081195142850354
0.3885786045309641,2.4929995174327906,0.24646959658032933,0.3110732832880848
-0.006070911539893324,0.8384907744516419,0.42830825438375736,0.62268819629817
0.08182935854756501,-0.09888965319114267,0.24191459612196095,0.2730813840804021
0.9190764829877686,-0.29027454418865134,1.4493025343962511,1.9071032552457874
0.26739231407190295,0.3216978061960136,2.2349657793945346,2.7418713803306423
-0.6680904536430488,0.9920423495365228,0.20373497065543733,0.22824865615159023
-0.17495975669540864,-0.7557451594928447,4.943041065700354,5.899319008976381
0.5365098435704035,-0.8984679817910373,2.7392641308806085,3.456328155922506
0.028181157369128247,-0.009118996644203544,2.046152598697104,3.036189032283745
1.085895565831578,0.4746982328799528,0.7017128128887293,0.8581872830839142
-0.025026958745143917,0.8177662992002871,1.3475265386726496,2.0290642922304762
1.3902075490173134,0.5578103063518622,0.4691402299277395,0.7354616549800006
0.010352619843380607,-1.3118362323501596,3.1376032789283843,4.668427203333932
-1.0651136630753726,-0.30522470435466764,0.6271313500587993,0.9474269759575804
-0.6095122021592831,-0.186971302985446,1.1606329498963854,1.4543756688285596
0.056649924897107164,0.5296927543567308,0.2705711672201957,0.27638186744503823
-0.07049877805909122,0.4865016438262019,0.2524325150956741,0.3732711040857907
0.06447441481012024,-1.9754665663538713,3.0638441610781415,3.666002968153077
-0.9393353938187543,-0.14408755572161547,0.20706873130502942,0.2912763445660568
-1.2096947428411076,0.5999287299962045,0.5364102803454226,0.8941235650720551
1.5307508323436974,1.2187618516973167,0.28415084970637056,0.4779410872108632
-0.213442870930208,1.490726136849952,1.321675017573767,1.6822665916518622
0.14866745720211155,-0.33708597111803934,0.3349239451147671,0.38496800393906355
-0.6134026635409398,-0.30246968648812833,1.360777002579282,1.6884143149869943
-0.38817681854122876,0.1704162223754877,1.4591794522364947,1.600188568730734
0.1605739810498646,0.0030460201534144695,0.411248154625711,0.5492003916702946
0.43693816974634986,1.1906462747863413,1.2566051991432785,1.8857208021696241
0.9495541354413237,-1.4848979684499035,2.933448319769993,3.2662177031381665
-2.553921134901955,0.9343199112392737,0.10389749609859093,0.13802601322119773
-1.366878698415421,-0.22476540189268354,0.16262472965318087,0.2164635305417533
-1.1701130260593595,-1.8019804375800197,0.10849032513696615,0.16233210751038418
0.541462728204788,0.7591551603026468,1.3004092229304829,1.821292287494004
-0.5765104007267194,-2.59104229214491,0.2976211572708609,0.37215633472305737
-0.5462444482524828,0.3918040054025465,0.5570573927173866,0.9255206746057502
-1.4789115687741288,0.18335991977915564,0.29215956916544183,0.3777925779915764
-0.015309849172995557,0.5792914996010884,1.4245813610338809,1.8651874809126292
0.11958036841415326,-0.9730689408815555,0.9154412319384683,1.280130719881295
1.1965715016644913,-0.15852957302697002,1.0470134043477903,1.657416953847104
-0.02730453950993186,-0.933267959073196,2.503594648589918,3.5171248856457824
-0.4432822511915103,-0.8848027140269009,1.0334724951700305,1.5592772856732402
-0.172946059923423,1.7117084801423434,0.6071717699372147,0.9024916510542343
-1.3719011429313563,-1.6135613978767411,1.220395390908393,1.545516801474306
1.4711703274936085,-0.20932367715186612,0.41585907199633965,0.6098070173317298
-0.6690727386599166,1.0399046873960764,0.8690977173132357,1.1689694819891343
-0.6056155397368641,1.8260097135469362,0.7159694633640425,0.9658364396263123
0.6779258713392691,-0.48791140814570266,0.5115248469562018,0.6880234552597949
2.1573082132655035,-0.6057149230033384,2.594031265691694,2.990584002432072
0.742095372009307,0.2992925804064919,1.1724816305875323,1.4550249898434928
1.301741289398798,1.5615111967268527,0.9263780084478294,1.154135482707155
0.032004149065766624,-0.7534178703461835,1.5055934779791904,2.0878371161742657
0.4599721429391164,-0.6777153697521061,4.775511407087113,8.17501623240501
2.013387247526623,0.13653533108273744,6.031434536879814,9.071882218515265
-0.3653215513121087,0.1846803058649084,0.17520970857850807,0.25240080744869076
-1.3471262895296965,-0.9716140385106515,1.1184220160562732,1.46907334044114
1.2004139079444254,-0.6568942789713957,7.160043299822231,8.51169921196958
-1.0469109826819396,0.5366527525272862,0.5839954337504104,0.7944404316672591
1.185704154662997,0.7189533106650667,3.047245823092138,4.981941958556629
0.9960476858058164,-0.7567950885694608,13.111447066832746,16.88327693482259
-1.4218106667418438,1.5013336519554867,0.6846882500745488,0.918970197998933
-0.32267983884213575,-0.25083301645504735,1.0835607796136568,1.3553477662207019
1.328194141849058,0.5562300094006599,3.3063735335155373,5.128188814043925
0.45588777208160763,2.165002344901084,0.6638572644856301,0.8170227975947549
-0.643518230380143,0.9278401280812372,0.5521575789727522,0.6402569563736592
0.0570131248970845,0.26859227886325693,0.5025424449027245,0.6946974859476082
1.5284684264125317,0.5078357562896237,7.409192481101678,11.25538263876041
0.538296079049633,1.0725073373098022,0.30444190156884665,0.5274640298683598
-0.3649527295428853,-0.8392096673390064,4.404109055867888,6.0144339492111545
-1.0448091940210336,-1.9663565893760018,1.5258095358431873,1.8198125889275825
2.056207129940322,-1.1032083657216831,0.789780706263055,1.1841414941605022
-0.221253623585772,-0.27681329988892067,1.2032955122194626,1.7456049295224292
0.30740669780910074,0.8157372125392968,0.10833104858624126,0.13755074216339086
0.8604734883597454,-0.5830774385689385,2.5980659441237575,3.5405648553411186
-0.1671217137864115,0.28257995048829965,1.4475113072141728,2.443697527674488
-0.24869112618354708,1.6073455760199926,0.28901072934929406,0.3769948630226394
0.49097495163825133,0.7348777860498175,1.0129905362010796,1.3611256287860845
0.6628812686674127,1.173473857485325,6.687254386222558,8.254840661148668
0.18102155870370695,-1.2968319479558466,0.8563623761679572,1.1081084713968419
0.3996879517526416,-0.651356893791829,0.4856367839730058,0.5966446094205969
-0.5286166817497568,0.5863640187550933,2.348536859505053,2.8625307085873195
1.2382830714336357,0.02127157673606165,12.150135026717923,15.653879903321037
0.3088330125989638,1.702214944635238,0.6845550718611539,0.7200663774404813
0.24075317948856828,2.601683114180395,1.2385636203957688,1.606404700335795
0.5655096456315442,-1.7607627591558177,6.490950658240652,9.361576291546625
0.7533416211045325,0.38115838488277776,0.4829688902085648,0.7199180478122452
1.2897527540827456,0.6731813512699584,0.7280715970486127,0.9968657142597721
-0.13845598398377382,-1.2242982362893657,3.5709310754690504,5.5704860849767455
-0.20902325728602528,-0.8505204542093001,4.9647837246510615,7.764503787659561
-0.5805234498047227,0.5885784044206096,0.9538954189867601,1.1547559031254342
1.6699045043514062,0.3946715298229811,0.7443833683262592,0.8759473370241561
-1.1958830620351844,0.4446026682201407,2.9064609589286086,3.663677465581533
1.196631486645651,-0.6097829043193822,1.1362003385413217,1.6223553782381082
-0.1340171666729177,0.014688194729197093,0.48245659109913686,0.7714649286484249
-0.78489831308224,0.648280433843859,0.5687368869548015,0.8927838295612145
-0.12094814860778157,0.41953244390702776,2.9511871963620724,4.052517957852074
-0.8874921778021001,-0.43745830032341043,1.470067728838074,2.053410551007548
0.7223813578277714,-0.372833152091767,1.8570297300498055,3.0628172387441133
1.7269638512334051,-0.39963618561460235,3.335328084671897,5.304569970682748
0.22468472575188592,0.9325908318730899,0.7245121761683497,1.049376791638694
-1.4183657329330317,-1.7608088119807759,1.3758941296926788,1.4911261983794688
-1.5256563145700948,1.262584103427182,0.017918616615536544,0.026304891134742305
-0.5518581458924467,2.5581992856682523,0.23430394018220174,0.26572005044411984
-0.5642475986573886,0.18455130319703697,0.8180830489139046,0.9784735283495284
1.5421099525678756,2.006092888159123,0.35201148508988195,0.3898883320358013
2.061503576636398,1.2083662305931424,2.812812414668579,3.0946848598868444
1.0240625258114624,0.5925269492011831,0.8039007119694038,1.2701313309223567
0.7783610761666377,-0.5511857163285334,7.516971801846502,12.92458182234117
-0.8181988834223072,-0.0033744574109520514,3.0962364380686056,3.7927128975794346
-0.17018462252492844,-0.4532280493272752,0.5531106912769873,0.8258085737833103
0.6963874474567153,0.9553052085705107,0.7951585535911441,1.1095427673704943
0.08840688629184736,1.4775300810552618,0.5601349437953008,0.6441592692674076
-1.141689114133505,-0.19365945927971812,0.3445066390498053,0.46537145075024205
-0.7168223206028049,-1.86653661707306,1.4562787068010699,1.6094224582121472
-0.08268068584269925,-0.12174750838328353,0.4657930915074778,0.5556091769693372
1.513449743242131,0.6308116845547775,0.5216171892059364,0.6276670602504121
-1.024186824329205,1.8540925663341883,0.5034872903940771,0.8321163467944435
1.221033695525353,0.5820977034686158,2.797359902391001,3.131501048155052
-0.22648409884983192,-0.9594392367234797,0.3807829631093125,0.5773487309599019
-0.372206776071053,1.088748619704186,1.1279307028948495,1.875478168424447
1.884586305934609,1.543243528272189,0.8323304760793282,0.86511614453709
-0.4888494217862741,-1.1196174332890112,1.0965044587647308,1.706466515633238
0.14088624691120394,-1.7684393655628516,3.1740259192255658,5.043997605093873
0.32316771418478146,-0.14760258629866868,0.8808109844384067,1.4860568627714381
-0.46603650186824225,-1.5947030672667954,1.9288961310355235,2.602784307806688
0.5136001065697166,-0.5327008396619114,0.7692665840042062,1.1698770869243005
-1.169916835710288,-2.8722622132816493,0.977879891248209,1.1047813141344052
-0.027514905050636255,1.772251596669744,0.3640638694159574,0.5880688856513316
1.66125921454787,-0.45709625658627184,1.1569912739146897,1.489438967621001
-0.6022120603617805,0.46877425607502377,0.49995648029188755,0.6433709898333018
-0.9983854391882915,0.30179189981946597,0.09354634761558465,0.1223870848204278
0.7660802783846903,1.2269332238843076,0.5113280844045242,0.7423010402713798
-0.10015407647995278,-0.20367375017696587,0.5801495058940493,0.9845832572695066
-0.877982586756561,-0.82688035403986,0.6349789237875254,0.8144012153076352
-0.22647889190152676,0.3673655068161781,0.561382274951951,0.7109231225203221
0.9135846262332494,-0.8031789506803448,1.8517841842035123,1.9115127537878907
1.4926885689595217,-0.2711236010425688,2.923218902804453,4.097185438337329
-0.021367294348436157,-0.7472116791478234,2.774096934472923,3.7042202099124317
-2.4242402602729416,0.8840453963610497,0.11081087549331686,0.14426447856585703
0.7368438970924334,-0.2813275571182134,0.42850794751926596,0.5372555867410534
0.06699071722487192,0.5159392177040995,0.30922298595844055,0.31760859132687064
-1.5625458568865427,-0.5290526773462948,0.26966587858683094,0.3718542730264926
0.7942646796218271,-1.2542894231692494,1.1267435395796581,1.7387153171102392
0.2935579321666293,-1.356581804623405,0.7262044048728417,1.0299364432811364
0.46642998243352635,-0.03564148229748357,0.32081080558233027,0.416319056961929
-1.6151318159055095,1.1647393544571714,0.1738642704008932,0.21789788291587794
-0.7345915767980492,-0.810252437014381,0.8069104170317892,1.2257483481718576
0.20056919723094285,1.1486373494287152,1.208978006570889,1.44823512413197
-1.015821818978397,0.06167984984797165,0.2684899171849918,0.4369990830227818
0.42881650033057295,0.6931056072631441,0.5515771185703947,0.7378989063508113
0.1764415552772252,-0.3670278390833223,0.4313201151853491,0.5518948703843835
-0.8275902206487197,0.08614388304637476,0.5766082603098733,0.6908734754643725
-1.072139011985607,-2.9213504834946074,0.46306409924161623,0.7248300991184478
0.4365598041576678,0.9039348410861953,1.3822639956701166,2.016653748642468
-2.3629324355418384,-1.0097307047099375,0.05437146848388631,0.08458473919643449
0.6191542610051978,2.0574954697116987,0.3897388705051827,0.5543660505047889
0.020793707675407894,-0.7280029412291344,1.588378390153299,1.8596455885615946
-0.18289644110484016,1.3748764191481848,0.7063260886842541,0.7533766218862777
-0.6459641791245353,-0.7991920066502536,11.027672951417244,16.2702398423649
-0.4827435221820324,-0.9533286082587124,1.3728378280479157,1.5012457672035842
0.12267031599479553,1.6246784584695606,0.23188542017297054,0.2821834328787668
0.3230792731160291,-0.2523535021262876,1.099130303965997,1.4529764019267077
-0.2918112689155441,-1.563190808696657,0.17649921027637364,0.2963109683159937
0.883109777147159,-0.07783719701280203,1.4493383412121563,1.6664316111317914
-0.18047991359062565,3.193107567844861,0.12390392066829099,0.17340254680662318
0.29875290836568624,-0.7517910500951843,2.9135529788444825,3.7178005457167607
-0.4263575962055433,1.1484457091967548,0.23751532384509874,0.39696499995529905
0.11327041053776446,-1.4382779783173667,1.2262269335493292,1.8068667874280366
0.9192289345752035,-0.668144085538994,0.7508769330359543,1.1000193679696122
1.8732977762175456,1.0800480657146485,8.133799684188252,11.828405489843895
-0.4473218956587512,1.281016361735113,0.3139512191345943,0.4942348338091325
0.0678555105274033,0.8527736751222195,4.718968531149861,6.323357549830937
0.48473281729447476,-0.8463566549908735,3.5692527118272475,3.978244947265212
-0.643549832317462,1.0299608175811612,0.6814839155386432,1.0041802998210414
-0.33477533210654087,-0.4036484632419967,1.321972249146876,1.4602126681520053
-0.955122579349353,0.42359906559346105,0.7752120090766553,0.8346541381846303
2.062524919243145,-1.0675329142542729,0.5223740479102282,0.7156887600967627
0.02421945667275807,1.4122205554154292,0.373012776733116,0.6247652951659705
-0.07964139124571515,0.4523717962497339,1.7720191997567336,2.3989258936757585
-1.0623935281468797,0.4283070972076486,0.4842197834026027,0.49954271674298795
-0.18714426500454878,0.985729995679863,0.15038386218059124,0.20828548348486942
1.1873860515647512,2.589563642018614,0.6316827696864297,0.8939432125588477
0.5796331732135757,0.32579631658216646,5.6625182992826595,7.344573462151118
0.19438430157733602,-0.35316629281068834,3.81014870837728,4.962189398974849
0.33848384346169114,-0.29540141013902943,1.037758601455541,1.249689959272569
0.1684609762696143,1.3175975356079597,1.396342283044386,2.3279027421474954
-1.0065425652796411,1.1398785611290454,0.2362432264280822,0.3496917971092967
1.3171150673398653,-0.11806852699107874,0.3426641382184745,0.3846478406898019
-2.1218548990085946,-0.6078219870944325,0.1579446890504043,0.17410199011978036
1.2969945465611092,-0.022868062298882122,6.812425317926419,9.699239434371513
-0.9993022322949108,-0.5047749212282174,0.529088960566895,0.5459348805533887
0.840620026504553,0.5467335682013793,0.8090208914708011,1.1916197204788397
-0.23893209916969432,-0.36682441181468756,0.6596344456466362,0.9190348607606861
-0.3917581490438219,-0.9224101844985025,6.736973530747422,7.317116314066362
1.6153756894694418,-0.3223204692113399,11.849348362615853,12.742428810831823
1.2171585208254965,1.5213160519224513,10.533447757714736,12.547635380435592
0.9983108981479604,-0.4316203127180484,1.2696841394935148,1.9925462060837744
0.40373009033660945,-0.024195606390916165,1.5862502506636955,1.818947963694319
-0.9037018607301281,0.324359281721603,0.09370778100363818,0.14000731287448084
-1.1790397911598025,1.1876793884615637,1.5503186531269437,2.0051038686993334
-0.4646172972983931,0.2011596558728393,0.21416621791681908,0.25123134363796373
0.28328787154614216,-0.25890497370407733,1.3971147621913693,1.558995665524804
0.5866938014752747,-0.47490365662252443,0.4003239623328934,0.6299166621301612
0.8712972974572442,-1.3459796802467485,1.235831964768531,1.5259087863561271
0.12637957954641182,1.9389289990582848,0.19348465366976647,0.302661138889299
-1.0003313246055747,-0.6777449705248515,0.28977044381215056,0.49469433894194476
0.513907849658915,0.17958178193959795,0.6540229637972227,0.8593465517019211
0.3506300992735592,0.4891871301476635,0.5011137682778634,0.6314240291325159
0.6347214685617699,1.1096998419562232,2.162916127703557,2.505036709927939
0.40981865692851255,-0.24125765461854246,0.3562509621169752,0.4536445841718263
0.6725737012027313,1.8998819348952156,0.7406894670395315,1.025398300110355
-0.13263374638257355,-0.9745293046706415,4.029688346211639,5.0972545136705945
1.1070806692869728,-0.12038116395359824,0.9333773735138234,1.3575038163040012
-2.172669546014036,0.8474216771504216,0.0965986076262396,0.16451504231986713
-0.5353281859539227,-0.09053328230416077,0.5719853544992715,0.7420540118185855
0.33198033056901455,0.1904996797790664,3.0955367874154085,3.8279315750960827
0.7094518171390395,-0.43548637056984335,1.7386610998099732,2.0353801999518506
0.5131057981760827,-0.2595466775839172,0.6885185478590726,1.0216492876454946
0.738810480887503,0.6153674840130534,1.851353445617896,2.290500955492357
-0.9354387020445953,1.0859821161750323,0.1425174456811892,0.1780566118648085
-0.535963445114048,0.8080577982811451,1.0830056712289176,1.4645920826238383
0.36728731340134063,1.8381836767951225,0.7620846811647012,1.2614078353341331
-0.22346598237185214,-0.3493167961181975,0.6946842099202876,0.9127137923989211
-0.01941960588773261,-0.30317978283427544,0.42263157549923586,0.4768190947723205
0.7999419019420501,-1.616310608436588,0.9074570933954258,1.2220339953517922
-1.053682419146354,-1.067802921579193,1.1232549324839307,1.7430847726752685
0.9503075919735757,1.7106133725819253,3.1710478099092887,3.5726393626936073
-0.1044492185374715,-0.16882172319001063,0.48438896825092903,0.6293040781128889
0.07005216311318138,1.1618783026081905,0.8481475792653793,1.2648040759346155
-0.9273531341905741,0.23836898273478513,0.05973580808240383,0.09351846811753946
0.9751976297824297,0.5010941699398452,0.7542529196826226,0.7886993895605722
0.1895816165987434,1.0010460925671412,0.5637008421176907,0.9266140266753484
-2.703232292999237,0.6778753195309076,0.08405325563306786,0.08928528361164416
-0.6540756831274238,-1.830632896856457,0.4423923091730676,0.5940993216963205
0.5112025995249807,1.3736585451629577,0.390054175845883,0.46169360369437623
-0.13744851462769186,0.9528745472029388,0.7339170834121822,1.0058564187076617
1.6122782579886454,1.3149144535840473,0.9694520352695256,1.437101378805184
1.639964529371393,0.7421274910718922,0.19043914195990996,0.2469987205290605
0.0754336389015928,-1.6019658118971685,0.15901254691570355,0.21420649979164239
-0.24606248812994858,-0.8432465953161917,0.5788881360529777,0.6475491965666952
2.1709427174978138,-0.1758858124323366,4.034785591049162,6.056066684388513
0.12320480678448567,0.5514853760404675,0.042849739123992606,0.06644209213147133
0.043602446372453724,1.695051040430753,0.2622289109155766,0.4749017456344195
-0.622649361734452,0.1946074552372427,0.3524049963161995,0.4261728522289296
-0.7424705856980482,-1.3200225112207058,4.078855179359962,4.90488974630783
-0.6117690909052854,-0.03703679704841202,0.4108191738043848,0.5421221034015021
-0.42930222451725997,-0.692420979873856,1.1756579543251016,1.5250389700594935
-1.4063174636718339,-0.08310557262869477,0.4694998824175432,0.704359476922932
-1.5047203740310022,0.7600559636896026,0.03814968493977926,0.052495075545083716
0.08243975293450329,-1.4575514994649306,2.8950703685736308,4.2665900426700745
-0.30920907704986345,-0.7521564055905832,1.2837023136522057,1.4553080234302649
0.31917451041918043,1.3404504460231446,1.1108755080437582,1.4796671179554002
-1.8751724696457446,0.11502607914741717,16.352144278059452,21.519013384143992
-0.1601327955666404,0.6713400764504657,0.06962399622281056,0.12161493272101734
0.21319662823768915,-0.7519693317388191,7.781072426068852,8.507327629873737
-0.31905393566661816,-0.796025856803489,0.6293489077708996,0.8838954430268678
1.0760071385985983,0.02131164867194222,1.637583384957856,2.509336461304777
1.9011906857530074,-0.060660813814620775,2.263125142355526,2.943953827416179
-0.7084067669104628,-1.5137143926128271,0.6352480883501863,0.777744869527006
-1.803139676255945,-1.5841359430054898,0.30449910696008786,0.4706974288764499
0.2671266510114834,0.5087250232299338,1.1275982662437487,1.4727671258341706
-1.5811907020321334,0.8950383140761154,0.07115218985442685,0.09649611407441622
-0.4830610516834395,0.14679301198554937,1.2078960926364568,1.6414519456983743
1.6122206282554243,0.8968393158655319,1.0676198537879147,1.3507452599157002
-0.2685306479058323,-0.8911922254152874,0.3301102444874657,0.46939467852522965
-2.151815401329305,-0.7191533192424201,0.22274908674683297,0.2834301705720655
-0.21113023882769444,-0.987179527151184,3.5619023926267674,5.489110465197674
-0.13125696709230472,0.07685188295876821,0.41630314198428786,0.6085813700843064
-0.22485598180807856,-0.6500025808234597,1.4387150007417862,1.9952797287280455
0.16865467196672768,0.44194064956940904,0.3917245634880386,0.5519187421877468
-1.090399077442846,1.41093237974627,0.6450731976733277,0.8834301519869373
-0.09858813228426173,0.018849622944847662,1.650994701052245,1.9847869840340313
0.7082144232565571,0.23321613126350166,8.427251843825383,9.20692914163996
0.9531366339132451,0.2871241652018242,1.0296660334360783,1.2742911827703167
-0.6124373746404379,0.36150352520610163,1.258480279290095,1.3447928704694396
-1.1437262073206618,0.10855970577652314,0.48425905288675763,0.621606399826213
-0.0332299906444608,-0.2081168572725397,2.740671297812229,4.310902650967441
-0.12853751143893075,-1.881849045497639,0.611824281060736,0.9955047636261076
-0.5487249077409615,0.09284490114111471,1.285509132553785,1.623086508684469
0.15985639199740037,-1.0276751409259581,0.9294310486776383,1.2609742943018731
1.2657078408647007,-0.8661748482145009,1.6031020784140464,2.7319438394292037
0.9694572005267368,0.42719436187168486,1.5257597603592263,1.6583018503219187
-0.646227309843803,1.775310892609512,0.5212971712406774,0.5629277036231722
-1.19363683175648,0.9191541736100015,0.3432630558331182,0.390646752540197
1.0005823180429783,-0.6706202090766449,1.8756727567503766,3.192478239206222
1.3924653000643288,-0.2500465145989528,7.713620694815973,13.061346947001537
0.28869362927985703,0.2603218387712207,2.0618150211715687,3.166567444955658
-0.1343087414705478,0.8108082731597821,1.6037386486281353,2.092509658342924
0.793488720552213,-1.7485319732381808,1.559204008860962,1.8500330109890795
1.3043402428781525,-1.6624919880356743,1.0771682972328127,1.5630037239821886
1.0325462043416573,1.1267051368275833,2.285732697210235,3.742960270069914
-1.0909664302151982,-0.4108142879545848,1.3440041544171935,1.8712394264338936
-1.1057046684859357,-0.21492103028873533,2.153180906711085,2.889543849555205
-0.30803428418574125,0.7796605322693398,0.30131473239906315,0.37521280290076114
1.3103087461196083,1.395683810789956,0.8925370037157495,1.1445408361033849
-0.5621680265783021,-0.20922187374452778,0.14284995746656298,0.1977168855045182
-1.6834381922209503,-0.8058700664961888,0.2717720132546055,0.434004705015701
0.9648516330974576,1.6155828235482317,1.9208817691154823,3.3778481198361394
-1.234348871879922,-0.5924642591528942,0.4034781698150344,0.5243997586986959
-0.02640575695892703,0.2801611588196068,1.3252857133937734,1.806058402465396
-0.8096035199216461,0.4240610444640897,0.3477087786476674,0.5862883753574979
-0.47383934707091613,-0.014452270878279104,0.8294699488447195,1.3174519155166724
0.5462842480036996,0.0064222698109378164,0.2962378735755808,0.5386183228489189
-0.4363858905265686,-0.10960980392583083,0.739669359311887,1.1722620629376237
-0.08836295920533532,-0.3700110298821277,0.0505181141015648,0.06476421461055719
-0.25879606266710237,1.598647170504717,0.3620150059266495,0.4841545102826925
0.5609194479412387,-0.29548031802916036,0.23603269177748137,0.3511269290108853
0.6969544045107356,-0.33381948975600995,4.721969631292254,5.399042352478766
1.1731246375866413,0.3696421921980939,2.9852761386262054,4.3210910751079945
-0.10730214400422888,0.4477169258102776,1.266490828485564,1.6822419033507579
-1.5708761520684993,-1.1267674689098053,2.808299648651127,3.2619274893034285
-1.1939250063990554,0.14294309476370676,0.14353183088257757,0.24280683863249922
1.732514999485092,2.2313001461926323,6.522932804136743,7.890037323193845
0.6380511014407572,0.5008444749444569,2.5205803809382497,3.401978849529145
-1.801057734152739,-0.5426737997340217,0.3761995837664709,0.4126093526638145
-0.7877837519082389,-0.620847598251116,2.1372670833542884,3.1077205356568176
-0.1681438185847896,-0.47209057769712737,0.3490021444226643,0.44878470273442866
-1.9792998103757877,0.7479102561175338,0.12063113903706424,0.166970172150041
-1.0727430257398065,0.23924686411114954,0.22942760737553564,0.3117264145440127
2.0740826697499735,-0.9193845915864234,1.8866829759430268,2.7646442633079613
-2.5302875227463297,-0.2860042218801108,0.10664366526198424,0.13054437721388537
1.100959634998571,1.9583474542205939,3.134211264182786,3.5224995228209797
-1.2295495944524168,0.4966992232365217,0.26225646138614184,0.3669041616727943
-0.46531045678005334,-0.10594835430413566,1.061223005470202,1.257297819415489
2.6443433470170348,-1.5029703283951532,2.675535872245938,4.240189625621807
0.25373966149457344,0.4676931717654332,0.11217126367991852,0.19011481411933515
1.0857863249393471,0.09798315347089544,1.797465021873365,2.6628115025739167
0.3080505395041023,-0.3916485674217911,0.14933750774255372,0.20879122321416782
0.26912694124510733,-0.3431922754974105,1.1196495680323593,1.4395102202072554
0.6215718898560508,-0.36961033604363397,0.31089759783487464,0.3913140168481257
0.37710039390218647,-0.029262813684978354,8.42729158906868,9.887797554328879
1.1260502507721681,-0.05139372358848624,3.1061600334545694,5.270362125458427
-1.7730324682068814,1.2619215007139917,0.2485537078209599,0.3274423600747109
-0.9057323008626189,-0.6537663386488198,2.1141490706160595,3.4131368296176143
-0.5956612940434921,1.3744380931708173,0.16239045281093994,0.22574630552414865
-2.1356742139786955,3.1377485336599937,0.16636797250339128,0.2761078848130728
1.0560568090660518,0.22323891412915967,1.4642377992237574,2.171866580197317
-0.05489400061628639,0.28555407485765694,1.0078344730924111,1.370827984137765
0.5211224283793383,0.645215585950057,3.005192743179584,3.9395895920803063
0.5556044660034485,0.08958068125524882,2.206291326416124,2.687149974245764
-0.1973384203073261,-0.1512732836535117,1.0288957555816323,1.610766420624183
-0.194908280352681,1.1337700968670645,0.1187883663127069,0.13336190548687235
0.5935567222808619,-2.9403886346642802,1.2092822151551201,1.5507044404707653
0.655900776529761,0.19473619471877485,0.9819771864471658,1.505364285112356
-0.018708756445897416,-0.38851845308888583,0.9765178508538559,1.2996207350113214
1.1241127199860135,0.9475264621228578,0.3121332382951193,0.46030779974016306
-0.7728776678236091,0.4070522871245351,6.613046174036785,8.040502163541788
-0.971656734541286,-1.3796181647889305,3.04426729552847,5.4674375550911005
-0.6267172245899651,0.8623934723827588,0.8133665865207088,1.3136207808452458
0.9531250453760867,0.513085420097293,1.1714201318439548,1.7077650968261993
0.7250957868479971,0.5161782871149584,0.7925343512931873,1.2329542520703305
-0.6414815952229522,0.43192254467394064,0.1843589740232236,0.2560661086928376
0.8004095252276823,0.7542913298135743,1.2021768740994354,1.6628649235498987
1.188913371474643,0.7083038472010638,1.3968372079758962,2.4444548619670066
0.3514482075415829,1.0701502383164274,0.2224428274904929,0.2620732912219968
-0.026521259249060063,-0.8818746512277178,1.3238173160046145,1.957165187986923
-0.16306696394376388,-0.7449026448064491,0.711617286461908,1.0164154863023016
